producto,precio_unitario,talla,cantidad,vendedor,total,fecha
Saco Cuello Tortuga Lana,220000,S,1,Ana Gomez,220000,2026-02-26
Chaqueta Bomber Impermeable,350000,XXL,3,Luis Perez,1050000,2026-02-14
Bermuda Cargo Beige,120000,XL,2,Maria Giraldo,240000,2026-01-25
Jeans Classic Blue Denim,180000,XL,3,Pedro Perez,540000,2026-02-05
Jeans Classic Blue Denim,180000,M,2,Luis Giraldo,360000,2026-02-08
Bermuda Cargo Beige,120000,XS,1,Luis Giraldo,120000,2026-02-08
Bermuda Cargo Beige,120000,XL,3,Jorge Valencia,360000,2026-01-02
Camiseta Basica Cuello V,85000,L,1,Ana Gomez,85000,2026-02-27
Camisa Polo Slim Fit Algodon,200000,XS,2,Ana Gomez,400000,2026-02-27
